cpus,n_cpus,load_pct,measured_ms,predicted_ms,relative_error,missing_single_cpus
"60,61",2,0,84.1252,78.88470943201334,0.06229394483444519,
"60,61",2,50,84.9886,79.3666854000126,0.06614904351862962,
"60,61",2,100,84.6751,79.32526782141248,0.06318070103947346,
