{
  "count": 3,
  "mean": 0.06387456313084942,
  "median": 0.06318070103947346,
  "p90": 0.06614904351862962,
  "max": 0.06614904351862962
}
