{
  "count": 5,
  "mean": 0.4841502282976348,
  "median": 0.4753700214427341,
  "max": 0.9967008958077453
}
