model,speedup_mae,log_r2_mean
extra_trees,6.836535143335046,-0.7594717375207416
random_forest,6.685904528439932,-0.6140378821699655
