{
  "count": 10,
  "mean": 0.47666157658492153,
  "median": 0.38635831235684326,
  "max": 0.9966870223066866
}
