{
  "count": 66,
  "mean": 0.1941475104309411,
  "median": 0.1371997745563402,
  "p90": 0.4012186788041531,
  "max": 0.7127184086420886
}
