model,speedup_mae,log_r2_mean
extra_trees,0.4419982280323439,-0.5890701927274644
random_forest,0.42103082254547886,-0.4351472210997729
