load_workers,policy,runs,decode_tok_s_mean,decode_tok_s_stdev,generation_decode_ms_mean,speedup_vs_same_load_baseline
0,alternate_0.75,3,34.1198,1.2411916693242853,29.334833333333336,1.092525824362316
0,baseline,3,31.2302,0.3660233735705963,32.023199999999996,1.0
4,alternate_0.75,3,33.95706666666667,1.362318282683356,29.481233333333336,1.0854752401187435
4,baseline,3,31.283133333333335,0.28033339674989277,31.96783333333333,1.0
