repeat	decode_tps	e2e_tps	decode_sec
1	35.3932	34.9398	0.678095
2	34.8681	34.444	0.688308
3	35.7169	35.2698	0.671951
